source_id,source_name,source_type,source_url_or_reference,content_year,yearbook_year,province,province_code,admin_level,crop,area_value,area_unit,production_value,production_unit,yield_value,yield_unit,notes
China_Grain_Yearbook_2009_needed,2009中国粮食年鉴：表4/5/6 2008年各地区粮食播种面积/总产量/单位面积产量,yearbook_lead,https://www.zgtjnj.org/navipage-n2010090507000222.html,2008,2009,北京市,110000,province,grain,,,,,,,待补数；优先从中国统计年鉴/中国粮食年鉴对应表录入。
China_Grain_Yearbook_2009_needed,2009中国粮食年鉴：表4/5/6 2008年各地区粮食播种面积/总产量/单位面积产量,yearbook_lead,https://www.zgtjnj.org/navipage-n2010090507000222.html,2008,2009,天津市,120000,province,grain,,,,,,,待补数；优先从中国统计年鉴/中国粮食年鉴对应表录入。
China_Grain_Yearbook_2009_needed,2009中国粮食年鉴：表4/5/6 2008年各地区粮食播种面积/总产量/单位面积产量,yearbook_lead,https://www.zgtjnj.org/navipage-n2010090507000222.html,2008,2009,河北省,130000,province,grain,,,,,,,待补数；优先从中国统计年鉴/中国粮食年鉴对应表录入。
China_Grain_Yearbook_2009_needed,2009中国粮食年鉴：表4/5/6 2008年各地区粮食播种面积/总产量/单位面积产量,yearbook_lead,https://www.zgtjnj.org/navipage-n2010090507000222.html,2008,2009,山西省,140000,province,grain,,,,,,,待补数；优先从中国统计年鉴/中国粮食年鉴对应表录入。
China_Grain_Yearbook_2009_needed,2009中国粮食年鉴：表4/5/6 2008年各地区粮食播种面积/总产量/单位面积产量,yearbook_lead,https://www.zgtjnj.org/navipage-n2010090507000222.html,2008,2009,内蒙古自治区,150000,province,grain,,,,,,,待补数；优先从中国统计年鉴/中国粮食年鉴对应表录入。
China_Grain_Yearbook_2009_needed,2009中国粮食年鉴：表4/5/6 2008年各地区粮食播种面积/总产量/单位面积产量,yearbook_lead,https://www.zgtjnj.org/navipage-n2010090507000222.html,2008,2009,辽宁省,210000,province,grain,,,,,,,待补数；优先从中国统计年鉴/中国粮食年鉴对应表录入。
China_Grain_Yearbook_2009_needed,2009中国粮食年鉴：表4/5/6 2008年各地区粮食播种面积/总产量/单位面积产量,yearbook_lead,https://www.zgtjnj.org/navipage-n2010090507000222.html,2008,2009,吉林省,220000,province,grain,,,,,,,待补数；优先从中国统计年鉴/中国粮食年鉴对应表录入。
China_Grain_Yearbook_2009_needed,2009中国粮食年鉴：表4/5/6 2008年各地区粮食播种面积/总产量/单位面积产量,yearbook_lead,https://www.zgtjnj.org/navipage-n2010090507000222.html,2008,2009,黑龙江省,230000,province,grain,,,,,,,待补数；优先从中国统计年鉴/中国粮食年鉴对应表录入。
China_Grain_Yearbook_2009_needed,2009中国粮食年鉴：表4/5/6 2008年各地区粮食播种面积/总产量/单位面积产量,yearbook_lead,https://www.zgtjnj.org/navipage-n2010090507000222.html,2008,2009,上海市,310000,province,grain,,,,,,,待补数；优先从中国统计年鉴/中国粮食年鉴对应表录入。
China_Grain_Yearbook_2009_needed,2009中国粮食年鉴：表4/5/6 2008年各地区粮食播种面积/总产量/单位面积产量,yearbook_lead,https://www.zgtjnj.org/navipage-n2010090507000222.html,2008,2009,江苏省,320000,province,grain,,,,,,,待补数；优先从中国统计年鉴/中国粮食年鉴对应表录入。
China_Grain_Yearbook_2009_needed,2009中国粮食年鉴：表4/5/6 2008年各地区粮食播种面积/总产量/单位面积产量,yearbook_lead,https://www.zgtjnj.org/navipage-n2010090507000222.html,2008,2009,浙江省,330000,province,grain,,,,,,,待补数；优先从中国统计年鉴/中国粮食年鉴对应表录入。
China_Grain_Yearbook_2009_needed,2009中国粮食年鉴：表4/5/6 2008年各地区粮食播种面积/总产量/单位面积产量,yearbook_lead,https://www.zgtjnj.org/navipage-n2010090507000222.html,2008,2009,安徽省,340000,province,grain,,,,,,,待补数；优先从中国统计年鉴/中国粮食年鉴对应表录入。
China_Grain_Yearbook_2009_needed,2009中国粮食年鉴：表4/5/6 2008年各地区粮食播种面积/总产量/单位面积产量,yearbook_lead,https://www.zgtjnj.org/navipage-n2010090507000222.html,2008,2009,福建省,350000,province,grain,,,,,,,待补数；优先从中国统计年鉴/中国粮食年鉴对应表录入。
China_Grain_Yearbook_2009_needed,2009中国粮食年鉴：表4/5/6 2008年各地区粮食播种面积/总产量/单位面积产量,yearbook_lead,https://www.zgtjnj.org/navipage-n2010090507000222.html,2008,2009,江西省,360000,province,grain,,,,,,,待补数；优先从中国统计年鉴/中国粮食年鉴对应表录入。
China_Grain_Yearbook_2009_needed,2009中国粮食年鉴：表4/5/6 2008年各地区粮食播种面积/总产量/单位面积产量,yearbook_lead,https://www.zgtjnj.org/navipage-n2010090507000222.html,2008,2009,山东省,370000,province,grain,,,,,,,待补数；优先从中国统计年鉴/中国粮食年鉴对应表录入。
China_Grain_Yearbook_2009_needed,2009中国粮食年鉴：表4/5/6 2008年各地区粮食播种面积/总产量/单位面积产量,yearbook_lead,https://www.zgtjnj.org/navipage-n2010090507000222.html,2008,2009,河南省,410000,province,grain,,,,,,,待补数；优先从中国统计年鉴/中国粮食年鉴对应表录入。
China_Grain_Yearbook_2009_needed,2009中国粮食年鉴：表4/5/6 2008年各地区粮食播种面积/总产量/单位面积产量,yearbook_lead,https://www.zgtjnj.org/navipage-n2010090507000222.html,2008,2009,湖北省,420000,province,grain,,,,,,,待补数；优先从中国统计年鉴/中国粮食年鉴对应表录入。
China_Grain_Yearbook_2009_needed,2009中国粮食年鉴：表4/5/6 2008年各地区粮食播种面积/总产量/单位面积产量,yearbook_lead,https://www.zgtjnj.org/navipage-n2010090507000222.html,2008,2009,湖南省,430000,province,grain,,,,,,,待补数；优先从中国统计年鉴/中国粮食年鉴对应表录入。
China_Grain_Yearbook_2009_needed,2009中国粮食年鉴：表4/5/6 2008年各地区粮食播种面积/总产量/单位面积产量,yearbook_lead,https://www.zgtjnj.org/navipage-n2010090507000222.html,2008,2009,广东省,440000,province,grain,,,,,,,待补数；优先从中国统计年鉴/中国粮食年鉴对应表录入。
China_Grain_Yearbook_2009_needed,2009中国粮食年鉴：表4/5/6 2008年各地区粮食播种面积/总产量/单位面积产量,yearbook_lead,https://www.zgtjnj.org/navipage-n2010090507000222.html,2008,2009,广西壮族自治区,450000,province,grain,,,,,,,待补数；优先从中国统计年鉴/中国粮食年鉴对应表录入。
China_Grain_Yearbook_2009_needed,2009中国粮食年鉴：表4/5/6 2008年各地区粮食播种面积/总产量/单位面积产量,yearbook_lead,https://www.zgtjnj.org/navipage-n2010090507000222.html,2008,2009,海南省,460000,province,grain,,,,,,,待补数；优先从中国统计年鉴/中国粮食年鉴对应表录入。
China_Grain_Yearbook_2009_needed,2009中国粮食年鉴：表4/5/6 2008年各地区粮食播种面积/总产量/单位面积产量,yearbook_lead,https://www.zgtjnj.org/navipage-n2010090507000222.html,2008,2009,重庆市,500000,province,grain,,,,,,,待补数；优先从中国统计年鉴/中国粮食年鉴对应表录入。
China_Grain_Yearbook_2009_needed,2009中国粮食年鉴：表4/5/6 2008年各地区粮食播种面积/总产量/单位面积产量,yearbook_lead,https://www.zgtjnj.org/navipage-n2010090507000222.html,2008,2009,四川省,510000,province,grain,,,,,,,待补数；优先从中国统计年鉴/中国粮食年鉴对应表录入。
China_Grain_Yearbook_2009_needed,2009中国粮食年鉴：表4/5/6 2008年各地区粮食播种面积/总产量/单位面积产量,yearbook_lead,https://www.zgtjnj.org/navipage-n2010090507000222.html,2008,2009,贵州省,520000,province,grain,,,,,,,待补数；优先从中国统计年鉴/中国粮食年鉴对应表录入。
China_Grain_Yearbook_2009_needed,2009中国粮食年鉴：表4/5/6 2008年各地区粮食播种面积/总产量/单位面积产量,yearbook_lead,https://www.zgtjnj.org/navipage-n2010090507000222.html,2008,2009,云南省,530000,province,grain,,,,,,,待补数；优先从中国统计年鉴/中国粮食年鉴对应表录入。
China_Grain_Yearbook_2009_needed,2009中国粮食年鉴：表4/5/6 2008年各地区粮食播种面积/总产量/单位面积产量,yearbook_lead,https://www.zgtjnj.org/navipage-n2010090507000222.html,2008,2009,西藏自治区,540000,province,grain,,,,,,,待补数；优先从中国统计年鉴/中国粮食年鉴对应表录入。
China_Grain_Yearbook_2009_needed,2009中国粮食年鉴：表4/5/6 2008年各地区粮食播种面积/总产量/单位面积产量,yearbook_lead,https://www.zgtjnj.org/navipage-n2010090507000222.html,2008,2009,陕西省,610000,province,grain,,,,,,,待补数；优先从中国统计年鉴/中国粮食年鉴对应表录入。
China_Grain_Yearbook_2009_needed,2009中国粮食年鉴：表4/5/6 2008年各地区粮食播种面积/总产量/单位面积产量,yearbook_lead,https://www.zgtjnj.org/navipage-n2010090507000222.html,2008,2009,甘肃省,620000,province,grain,,,,,,,待补数；优先从中国统计年鉴/中国粮食年鉴对应表录入。
China_Grain_Yearbook_2009_needed,2009中国粮食年鉴：表4/5/6 2008年各地区粮食播种面积/总产量/单位面积产量,yearbook_lead,https://www.zgtjnj.org/navipage-n2010090507000222.html,2008,2009,青海省,630000,province,grain,,,,,,,待补数；优先从中国统计年鉴/中国粮食年鉴对应表录入。
China_Grain_Yearbook_2009_needed,2009中国粮食年鉴：表4/5/6 2008年各地区粮食播种面积/总产量/单位面积产量,yearbook_lead,https://www.zgtjnj.org/navipage-n2010090507000222.html,2008,2009,宁夏回族自治区,640000,province,grain,,,,,,,待补数；优先从中国统计年鉴/中国粮食年鉴对应表录入。
China_Grain_Yearbook_2009_needed,2009中国粮食年鉴：表4/5/6 2008年各地区粮食播种面积/总产量/单位面积产量,yearbook_lead,https://www.zgtjnj.org/navipage-n2010090507000222.html,2008,2009,新疆维吾尔自治区,650000,province,grain,,,,,,,待补数；优先从中国统计年鉴/中国粮食年鉴对应表录入。
China_Statistical_Yearbook_2010_needed,中国统计年鉴2010/中国粮食年鉴2010：需补省级粮食面积、单产、产量,needs_yearbook,,2009,2010,北京市,110000,province,grain,,,,,,,待补数；优先从中国统计年鉴/中国粮食年鉴对应表录入。
China_Statistical_Yearbook_2010_needed,中国统计年鉴2010/中国粮食年鉴2010：需补省级粮食面积、单产、产量,needs_yearbook,,2009,2010,天津市,120000,province,grain,,,,,,,待补数；优先从中国统计年鉴/中国粮食年鉴对应表录入。
China_Statistical_Yearbook_2010_needed,中国统计年鉴2010/中国粮食年鉴2010：需补省级粮食面积、单产、产量,needs_yearbook,,2009,2010,河北省,130000,province,grain,,,,,,,待补数；优先从中国统计年鉴/中国粮食年鉴对应表录入。
China_Statistical_Yearbook_2010_needed,中国统计年鉴2010/中国粮食年鉴2010：需补省级粮食面积、单产、产量,needs_yearbook,,2009,2010,山西省,140000,province,grain,,,,,,,待补数；优先从中国统计年鉴/中国粮食年鉴对应表录入。
China_Statistical_Yearbook_2010_needed,中国统计年鉴2010/中国粮食年鉴2010：需补省级粮食面积、单产、产量,needs_yearbook,,2009,2010,内蒙古自治区,150000,province,grain,,,,,,,待补数；优先从中国统计年鉴/中国粮食年鉴对应表录入。
China_Statistical_Yearbook_2010_needed,中国统计年鉴2010/中国粮食年鉴2010：需补省级粮食面积、单产、产量,needs_yearbook,,2009,2010,辽宁省,210000,province,grain,,,,,,,待补数；优先从中国统计年鉴/中国粮食年鉴对应表录入。
China_Statistical_Yearbook_2010_needed,中国统计年鉴2010/中国粮食年鉴2010：需补省级粮食面积、单产、产量,needs_yearbook,,2009,2010,吉林省,220000,province,grain,,,,,,,待补数；优先从中国统计年鉴/中国粮食年鉴对应表录入。
China_Statistical_Yearbook_2010_needed,中国统计年鉴2010/中国粮食年鉴2010：需补省级粮食面积、单产、产量,needs_yearbook,,2009,2010,黑龙江省,230000,province,grain,,,,,,,待补数；优先从中国统计年鉴/中国粮食年鉴对应表录入。
China_Statistical_Yearbook_2010_needed,中国统计年鉴2010/中国粮食年鉴2010：需补省级粮食面积、单产、产量,needs_yearbook,,2009,2010,上海市,310000,province,grain,,,,,,,待补数；优先从中国统计年鉴/中国粮食年鉴对应表录入。
China_Statistical_Yearbook_2010_needed,中国统计年鉴2010/中国粮食年鉴2010：需补省级粮食面积、单产、产量,needs_yearbook,,2009,2010,江苏省,320000,province,grain,,,,,,,待补数；优先从中国统计年鉴/中国粮食年鉴对应表录入。
China_Statistical_Yearbook_2010_needed,中国统计年鉴2010/中国粮食年鉴2010：需补省级粮食面积、单产、产量,needs_yearbook,,2009,2010,浙江省,330000,province,grain,,,,,,,待补数；优先从中国统计年鉴/中国粮食年鉴对应表录入。
China_Statistical_Yearbook_2010_needed,中国统计年鉴2010/中国粮食年鉴2010：需补省级粮食面积、单产、产量,needs_yearbook,,2009,2010,安徽省,340000,province,grain,,,,,,,待补数；优先从中国统计年鉴/中国粮食年鉴对应表录入。
China_Statistical_Yearbook_2010_needed,中国统计年鉴2010/中国粮食年鉴2010：需补省级粮食面积、单产、产量,needs_yearbook,,2009,2010,福建省,350000,province,grain,,,,,,,待补数；优先从中国统计年鉴/中国粮食年鉴对应表录入。
China_Statistical_Yearbook_2010_needed,中国统计年鉴2010/中国粮食年鉴2010：需补省级粮食面积、单产、产量,needs_yearbook,,2009,2010,江西省,360000,province,grain,,,,,,,待补数；优先从中国统计年鉴/中国粮食年鉴对应表录入。
China_Statistical_Yearbook_2010_needed,中国统计年鉴2010/中国粮食年鉴2010：需补省级粮食面积、单产、产量,needs_yearbook,,2009,2010,山东省,370000,province,grain,,,,,,,待补数；优先从中国统计年鉴/中国粮食年鉴对应表录入。
China_Statistical_Yearbook_2010_needed,中国统计年鉴2010/中国粮食年鉴2010：需补省级粮食面积、单产、产量,needs_yearbook,,2009,2010,河南省,410000,province,grain,,,,,,,待补数；优先从中国统计年鉴/中国粮食年鉴对应表录入。
China_Statistical_Yearbook_2010_needed,中国统计年鉴2010/中国粮食年鉴2010：需补省级粮食面积、单产、产量,needs_yearbook,,2009,2010,湖北省,420000,province,grain,,,,,,,待补数；优先从中国统计年鉴/中国粮食年鉴对应表录入。
China_Statistical_Yearbook_2010_needed,中国统计年鉴2010/中国粮食年鉴2010：需补省级粮食面积、单产、产量,needs_yearbook,,2009,2010,湖南省,430000,province,grain,,,,,,,待补数；优先从中国统计年鉴/中国粮食年鉴对应表录入。
China_Statistical_Yearbook_2010_needed,中国统计年鉴2010/中国粮食年鉴2010：需补省级粮食面积、单产、产量,needs_yearbook,,2009,2010,广东省,440000,province,grain,,,,,,,待补数；优先从中国统计年鉴/中国粮食年鉴对应表录入。
China_Statistical_Yearbook_2010_needed,中国统计年鉴2010/中国粮食年鉴2010：需补省级粮食面积、单产、产量,needs_yearbook,,2009,2010,广西壮族自治区,450000,province,grain,,,,,,,待补数；优先从中国统计年鉴/中国粮食年鉴对应表录入。
China_Statistical_Yearbook_2010_needed,中国统计年鉴2010/中国粮食年鉴2010：需补省级粮食面积、单产、产量,needs_yearbook,,2009,2010,海南省,460000,province,grain,,,,,,,待补数；优先从中国统计年鉴/中国粮食年鉴对应表录入。
China_Statistical_Yearbook_2010_needed,中国统计年鉴2010/中国粮食年鉴2010：需补省级粮食面积、单产、产量,needs_yearbook,,2009,2010,重庆市,500000,province,grain,,,,,,,待补数；优先从中国统计年鉴/中国粮食年鉴对应表录入。
China_Statistical_Yearbook_2010_needed,中国统计年鉴2010/中国粮食年鉴2010：需补省级粮食面积、单产、产量,needs_yearbook,,2009,2010,四川省,510000,province,grain,,,,,,,待补数；优先从中国统计年鉴/中国粮食年鉴对应表录入。
China_Statistical_Yearbook_2010_needed,中国统计年鉴2010/中国粮食年鉴2010：需补省级粮食面积、单产、产量,needs_yearbook,,2009,2010,贵州省,520000,province,grain,,,,,,,待补数；优先从中国统计年鉴/中国粮食年鉴对应表录入。
China_Statistical_Yearbook_2010_needed,中国统计年鉴2010/中国粮食年鉴2010：需补省级粮食面积、单产、产量,needs_yearbook,,2009,2010,云南省,530000,province,grain,,,,,,,待补数；优先从中国统计年鉴/中国粮食年鉴对应表录入。
China_Statistical_Yearbook_2010_needed,中国统计年鉴2010/中国粮食年鉴2010：需补省级粮食面积、单产、产量,needs_yearbook,,2009,2010,西藏自治区,540000,province,grain,,,,,,,待补数；优先从中国统计年鉴/中国粮食年鉴对应表录入。
China_Statistical_Yearbook_2010_needed,中国统计年鉴2010/中国粮食年鉴2010：需补省级粮食面积、单产、产量,needs_yearbook,,2009,2010,陕西省,610000,province,grain,,,,,,,待补数；优先从中国统计年鉴/中国粮食年鉴对应表录入。
China_Statistical_Yearbook_2010_needed,中国统计年鉴2010/中国粮食年鉴2010：需补省级粮食面积、单产、产量,needs_yearbook,,2009,2010,甘肃省,620000,province,grain,,,,,,,待补数；优先从中国统计年鉴/中国粮食年鉴对应表录入。
China_Statistical_Yearbook_2010_needed,中国统计年鉴2010/中国粮食年鉴2010：需补省级粮食面积、单产、产量,needs_yearbook,,2009,2010,青海省,630000,province,grain,,,,,,,待补数；优先从中国统计年鉴/中国粮食年鉴对应表录入。
China_Statistical_Yearbook_2010_needed,中国统计年鉴2010/中国粮食年鉴2010：需补省级粮食面积、单产、产量,needs_yearbook,,2009,2010,宁夏回族自治区,640000,province,grain,,,,,,,待补数；优先从中国统计年鉴/中国粮食年鉴对应表录入。
China_Statistical_Yearbook_2010_needed,中国统计年鉴2010/中国粮食年鉴2010：需补省级粮食面积、单产、产量,needs_yearbook,,2009,2010,新疆维吾尔自治区,650000,province,grain,,,,,,,待补数；优先从中国统计年鉴/中国粮食年鉴对应表录入。
NBS_2010_grain_output_bulletin_lead,国家统计局关于2010年粮食产量的公告（未定位到完整省级表，需年鉴补）,lead_needs_yearbook,https://fsou.com/html/text/chl/1413/141396.html,2010,2011,北京市,110000,province,grain,,,,,,,待补数；优先从中国统计年鉴/中国粮食年鉴对应表录入。
NBS_2010_grain_output_bulletin_lead,国家统计局关于2010年粮食产量的公告（未定位到完整省级表，需年鉴补）,lead_needs_yearbook,https://fsou.com/html/text/chl/1413/141396.html,2010,2011,天津市,120000,province,grain,,,,,,,待补数；优先从中国统计年鉴/中国粮食年鉴对应表录入。
NBS_2010_grain_output_bulletin_lead,国家统计局关于2010年粮食产量的公告（未定位到完整省级表，需年鉴补）,lead_needs_yearbook,https://fsou.com/html/text/chl/1413/141396.html,2010,2011,河北省,130000,province,grain,,,,,,,待补数；优先从中国统计年鉴/中国粮食年鉴对应表录入。
NBS_2010_grain_output_bulletin_lead,国家统计局关于2010年粮食产量的公告（未定位到完整省级表，需年鉴补）,lead_needs_yearbook,https://fsou.com/html/text/chl/1413/141396.html,2010,2011,山西省,140000,province,grain,,,,,,,待补数；优先从中国统计年鉴/中国粮食年鉴对应表录入。
NBS_2010_grain_output_bulletin_lead,国家统计局关于2010年粮食产量的公告（未定位到完整省级表，需年鉴补）,lead_needs_yearbook,https://fsou.com/html/text/chl/1413/141396.html,2010,2011,内蒙古自治区,150000,province,grain,,,,,,,待补数；优先从中国统计年鉴/中国粮食年鉴对应表录入。
NBS_2010_grain_output_bulletin_lead,国家统计局关于2010年粮食产量的公告（未定位到完整省级表，需年鉴补）,lead_needs_yearbook,https://fsou.com/html/text/chl/1413/141396.html,2010,2011,辽宁省,210000,province,grain,,,,,,,待补数；优先从中国统计年鉴/中国粮食年鉴对应表录入。
NBS_2010_grain_output_bulletin_lead,国家统计局关于2010年粮食产量的公告（未定位到完整省级表，需年鉴补）,lead_needs_yearbook,https://fsou.com/html/text/chl/1413/141396.html,2010,2011,吉林省,220000,province,grain,,,,,,,待补数；优先从中国统计年鉴/中国粮食年鉴对应表录入。
NBS_2010_grain_output_bulletin_lead,国家统计局关于2010年粮食产量的公告（未定位到完整省级表，需年鉴补）,lead_needs_yearbook,https://fsou.com/html/text/chl/1413/141396.html,2010,2011,黑龙江省,230000,province,grain,,,,,,,待补数；优先从中国统计年鉴/中国粮食年鉴对应表录入。
NBS_2010_grain_output_bulletin_lead,国家统计局关于2010年粮食产量的公告（未定位到完整省级表，需年鉴补）,lead_needs_yearbook,https://fsou.com/html/text/chl/1413/141396.html,2010,2011,上海市,310000,province,grain,,,,,,,待补数；优先从中国统计年鉴/中国粮食年鉴对应表录入。
NBS_2010_grain_output_bulletin_lead,国家统计局关于2010年粮食产量的公告（未定位到完整省级表，需年鉴补）,lead_needs_yearbook,https://fsou.com/html/text/chl/1413/141396.html,2010,2011,江苏省,320000,province,grain,,,,,,,待补数；优先从中国统计年鉴/中国粮食年鉴对应表录入。
NBS_2010_grain_output_bulletin_lead,国家统计局关于2010年粮食产量的公告（未定位到完整省级表，需年鉴补）,lead_needs_yearbook,https://fsou.com/html/text/chl/1413/141396.html,2010,2011,浙江省,330000,province,grain,,,,,,,待补数；优先从中国统计年鉴/中国粮食年鉴对应表录入。
NBS_2010_grain_output_bulletin_lead,国家统计局关于2010年粮食产量的公告（未定位到完整省级表，需年鉴补）,lead_needs_yearbook,https://fsou.com/html/text/chl/1413/141396.html,2010,2011,安徽省,340000,province,grain,,,,,,,待补数；优先从中国统计年鉴/中国粮食年鉴对应表录入。
NBS_2010_grain_output_bulletin_lead,国家统计局关于2010年粮食产量的公告（未定位到完整省级表，需年鉴补）,lead_needs_yearbook,https://fsou.com/html/text/chl/1413/141396.html,2010,2011,福建省,350000,province,grain,,,,,,,待补数；优先从中国统计年鉴/中国粮食年鉴对应表录入。
NBS_2010_grain_output_bulletin_lead,国家统计局关于2010年粮食产量的公告（未定位到完整省级表，需年鉴补）,lead_needs_yearbook,https://fsou.com/html/text/chl/1413/141396.html,2010,2011,江西省,360000,province,grain,,,,,,,待补数；优先从中国统计年鉴/中国粮食年鉴对应表录入。
NBS_2010_grain_output_bulletin_lead,国家统计局关于2010年粮食产量的公告（未定位到完整省级表，需年鉴补）,lead_needs_yearbook,https://fsou.com/html/text/chl/1413/141396.html,2010,2011,山东省,370000,province,grain,,,,,,,待补数；优先从中国统计年鉴/中国粮食年鉴对应表录入。
NBS_2010_grain_output_bulletin_lead,国家统计局关于2010年粮食产量的公告（未定位到完整省级表，需年鉴补）,lead_needs_yearbook,https://fsou.com/html/text/chl/1413/141396.html,2010,2011,河南省,410000,province,grain,,,,,,,待补数；优先从中国统计年鉴/中国粮食年鉴对应表录入。
NBS_2010_grain_output_bulletin_lead,国家统计局关于2010年粮食产量的公告（未定位到完整省级表，需年鉴补）,lead_needs_yearbook,https://fsou.com/html/text/chl/1413/141396.html,2010,2011,湖北省,420000,province,grain,,,,,,,待补数；优先从中国统计年鉴/中国粮食年鉴对应表录入。
NBS_2010_grain_output_bulletin_lead,国家统计局关于2010年粮食产量的公告（未定位到完整省级表，需年鉴补）,lead_needs_yearbook,https://fsou.com/html/text/chl/1413/141396.html,2010,2011,湖南省,430000,province,grain,,,,,,,待补数；优先从中国统计年鉴/中国粮食年鉴对应表录入。
NBS_2010_grain_output_bulletin_lead,国家统计局关于2010年粮食产量的公告（未定位到完整省级表，需年鉴补）,lead_needs_yearbook,https://fsou.com/html/text/chl/1413/141396.html,2010,2011,广东省,440000,province,grain,,,,,,,待补数；优先从中国统计年鉴/中国粮食年鉴对应表录入。
NBS_2010_grain_output_bulletin_lead,国家统计局关于2010年粮食产量的公告（未定位到完整省级表，需年鉴补）,lead_needs_yearbook,https://fsou.com/html/text/chl/1413/141396.html,2010,2011,广西壮族自治区,450000,province,grain,,,,,,,待补数；优先从中国统计年鉴/中国粮食年鉴对应表录入。
NBS_2010_grain_output_bulletin_lead,国家统计局关于2010年粮食产量的公告（未定位到完整省级表，需年鉴补）,lead_needs_yearbook,https://fsou.com/html/text/chl/1413/141396.html,2010,2011,海南省,460000,province,grain,,,,,,,待补数；优先从中国统计年鉴/中国粮食年鉴对应表录入。
NBS_2010_grain_output_bulletin_lead,国家统计局关于2010年粮食产量的公告（未定位到完整省级表，需年鉴补）,lead_needs_yearbook,https://fsou.com/html/text/chl/1413/141396.html,2010,2011,重庆市,500000,province,grain,,,,,,,待补数；优先从中国统计年鉴/中国粮食年鉴对应表录入。
NBS_2010_grain_output_bulletin_lead,国家统计局关于2010年粮食产量的公告（未定位到完整省级表，需年鉴补）,lead_needs_yearbook,https://fsou.com/html/text/chl/1413/141396.html,2010,2011,四川省,510000,province,grain,,,,,,,待补数；优先从中国统计年鉴/中国粮食年鉴对应表录入。
NBS_2010_grain_output_bulletin_lead,国家统计局关于2010年粮食产量的公告（未定位到完整省级表，需年鉴补）,lead_needs_yearbook,https://fsou.com/html/text/chl/1413/141396.html,2010,2011,贵州省,520000,province,grain,,,,,,,待补数；优先从中国统计年鉴/中国粮食年鉴对应表录入。
NBS_2010_grain_output_bulletin_lead,国家统计局关于2010年粮食产量的公告（未定位到完整省级表，需年鉴补）,lead_needs_yearbook,https://fsou.com/html/text/chl/1413/141396.html,2010,2011,云南省,530000,province,grain,,,,,,,待补数；优先从中国统计年鉴/中国粮食年鉴对应表录入。
NBS_2010_grain_output_bulletin_lead,国家统计局关于2010年粮食产量的公告（未定位到完整省级表，需年鉴补）,lead_needs_yearbook,https://fsou.com/html/text/chl/1413/141396.html,2010,2011,西藏自治区,540000,province,grain,,,,,,,待补数；优先从中国统计年鉴/中国粮食年鉴对应表录入。
NBS_2010_grain_output_bulletin_lead,国家统计局关于2010年粮食产量的公告（未定位到完整省级表，需年鉴补）,lead_needs_yearbook,https://fsou.com/html/text/chl/1413/141396.html,2010,2011,陕西省,610000,province,grain,,,,,,,待补数；优先从中国统计年鉴/中国粮食年鉴对应表录入。
NBS_2010_grain_output_bulletin_lead,国家统计局关于2010年粮食产量的公告（未定位到完整省级表，需年鉴补）,lead_needs_yearbook,https://fsou.com/html/text/chl/1413/141396.html,2010,2011,甘肃省,620000,province,grain,,,,,,,待补数；优先从中国统计年鉴/中国粮食年鉴对应表录入。
NBS_2010_grain_output_bulletin_lead,国家统计局关于2010年粮食产量的公告（未定位到完整省级表，需年鉴补）,lead_needs_yearbook,https://fsou.com/html/text/chl/1413/141396.html,2010,2011,青海省,630000,province,grain,,,,,,,待补数；优先从中国统计年鉴/中国粮食年鉴对应表录入。
NBS_2010_grain_output_bulletin_lead,国家统计局关于2010年粮食产量的公告（未定位到完整省级表，需年鉴补）,lead_needs_yearbook,https://fsou.com/html/text/chl/1413/141396.html,2010,2011,宁夏回族自治区,640000,province,grain,,,,,,,待补数；优先从中国统计年鉴/中国粮食年鉴对应表录入。
NBS_2010_grain_output_bulletin_lead,国家统计局关于2010年粮食产量的公告（未定位到完整省级表，需年鉴补）,lead_needs_yearbook,https://fsou.com/html/text/chl/1413/141396.html,2010,2011,新疆维吾尔自治区,650000,province,grain,,,,,,,待补数；优先从中国统计年鉴/中国粮食年鉴对应表录入。
NBS_2011_grain_output_bulletin_english,Bulletin on the National Grain Output in 2011 / 法搜转引完整表,official_partial_with_mirror_table,https://www.stats.gov.cn/english/NewsEvents/201112/t20111205_26536.html,2011,2012,北京市,110000,province,grain,209.4,thousand_hectare,121.8,ten_thousand_ton,5815.7,kg_per_hectare,已按来源页面表格录入；建议运行导入脚本后核对全国合计与原公告。
NBS_2011_grain_output_bulletin_english,Bulletin on the National Grain Output in 2011 / 法搜转引完整表,official_partial_with_mirror_table,https://www.stats.gov.cn/english/NewsEvents/201112/t20111205_26536.html,2011,2012,天津市,120000,province,grain,310.8,thousand_hectare,161.8,ten_thousand_ton,5207.1,kg_per_hectare,已按来源页面表格录入；建议运行导入脚本后核对全国合计与原公告。
NBS_2011_grain_output_bulletin_english,Bulletin on the National Grain Output in 2011 / 法搜转引完整表,official_partial_with_mirror_table,https://www.stats.gov.cn/english/NewsEvents/201112/t20111205_26536.html,2011,2012,河北省,130000,province,grain,6286.1,thousand_hectare,3172.6,ten_thousand_ton,5047.0,kg_per_hectare,已按来源页面表格录入；建议运行导入脚本后核对全国合计与原公告。
NBS_2011_grain_output_bulletin_english,Bulletin on the National Grain Output in 2011 / 法搜转引完整表,official_partial_with_mirror_table,https://www.stats.gov.cn/english/NewsEvents/201112/t20111205_26536.html,2011,2012,山西省,140000,province,grain,3287.9,thousand_hectare,1193.0,ten_thousand_ton,3628.5,kg_per_hectare,已按来源页面表格录入；建议运行导入脚本后核对全国合计与原公告。
NBS_2011_grain_output_bulletin_english,Bulletin on the National Grain Output in 2011 / 法搜转引完整表,official_partial_with_mirror_table,https://www.stats.gov.cn/english/NewsEvents/201112/t20111205_26536.html,2011,2012,内蒙古自治区,150000,province,grain,5561.5,thousand_hectare,2387.5,ten_thousand_ton,4319.8,kg_per_hectare,已按来源页面表格录入；建议运行导入脚本后核对全国合计与原公告。
NBS_2011_grain_output_bulletin_english,Bulletin on the National Grain Output in 2011 / 法搜转引完整表,official_partial_with_mirror_table,https://www.stats.gov.cn/english/NewsEvents/201112/t20111205_26536.html,2011,2012,辽宁省,210000,province,grain,3169.8,thousand_hectare,2035.5,ten_thousand_ton,6421.5,kg_per_hectare,已按来源页面表格录入；建议运行导入脚本后核对全国合计与原公告。
NBS_2011_grain_output_bulletin_english,Bulletin on the National Grain Output in 2011 / 法搜转引完整表,official_partial_with_mirror_table,https://www.stats.gov.cn/english/NewsEvents/201112/t20111205_26536.html,2011,2012,吉林省,220000,province,grain,4545.1,thousand_hectare,3171.0,ten_thousand_ton,6976.8,kg_per_hectare,已按来源页面表格录入；建议运行导入脚本后核对全国合计与原公告。
NBS_2011_grain_output_bulletin_english,Bulletin on the National Grain Output in 2011 / 法搜转引完整表,official_partial_with_mirror_table,https://www.stats.gov.cn/english/NewsEvents/201112/t20111205_26536.html,2011,2012,黑龙江省,230000,province,grain,11502.9,thousand_hectare,5570.7,ten_thousand_ton,4842.9,kg_per_hectare,已按来源页面表格录入；建议运行导入脚本后核对全国合计与原公告。
NBS_2011_grain_output_bulletin_english,Bulletin on the National Grain Output in 2011 / 法搜转引完整表,official_partial_with_mirror_table,https://www.stats.gov.cn/english/NewsEvents/201112/t20111205_26536.html,2011,2012,上海市,310000,province,grain,186.3,thousand_hectare,122.0,ten_thousand_ton,6545.2,kg_per_hectare,已按来源页面表格录入；建议运行导入脚本后核对全国合计与原公告。
NBS_2011_grain_output_bulletin_english,Bulletin on the National Grain Output in 2011 / 法搜转引完整表,official_partial_with_mirror_table,https://www.stats.gov.cn/english/NewsEvents/201112/t20111205_26536.html,2011,2012,江苏省,320000,province,grain,5319.2,thousand_hectare,3307.8,ten_thousand_ton,6218.5,kg_per_hectare,已按来源页面表格录入；建议运行导入脚本后核对全国合计与原公告。
NBS_2011_grain_output_bulletin_english,Bulletin on the National Grain Output in 2011 / 法搜转引完整表,official_partial_with_mirror_table,https://www.stats.gov.cn/english/NewsEvents/201112/t20111205_26536.html,2011,2012,浙江省,330000,province,grain,1254.1,thousand_hectare,781.6,ten_thousand_ton,6232.0,kg_per_hectare,已按来源页面表格录入；建议运行导入脚本后核对全国合计与原公告。
NBS_2011_grain_output_bulletin_english,Bulletin on the National Grain Output in 2011 / 法搜转引完整表,official_partial_with_mirror_table,https://www.stats.gov.cn/english/NewsEvents/201112/t20111205_26536.html,2011,2012,安徽省,340000,province,grain,6621.5,thousand_hectare,3135.5,ten_thousand_ton,4735.3,kg_per_hectare,已按来源页面表格录入；建议运行导入脚本后核对全国合计与原公告。
NBS_2011_grain_output_bulletin_english,Bulletin on the National Grain Output in 2011 / 法搜转引完整表,official_partial_with_mirror_table,https://www.stats.gov.cn/english/NewsEvents/201112/t20111205_26536.html,2011,2012,福建省,350000,province,grain,1226.8,thousand_hectare,672.8,ten_thousand_ton,5484.1,kg_per_hectare,已按来源页面表格录入；建议运行导入脚本后核对全国合计与原公告。
NBS_2011_grain_output_bulletin_english,Bulletin on the National Grain Output in 2011 / 法搜转引完整表,official_partial_with_mirror_table,https://www.stats.gov.cn/english/NewsEvents/201112/t20111205_26536.html,2011,2012,江西省,360000,province,grain,3650.1,thousand_hectare,2052.8,ten_thousand_ton,5625.3,kg_per_hectare,已按来源页面表格录入；建议运行导入脚本后核对全国合计与原公告。
NBS_2011_grain_output_bulletin_english,Bulletin on the National Grain Output in 2011 / 法搜转引完整表,official_partial_with_mirror_table,https://www.stats.gov.cn/english/NewsEvents/201112/t20111205_26536.html,2011,2012,山东省,370000,province,grain,7145.8,thousand_hectare,4426.3,ten_thousand_ton,6194.2,kg_per_hectare,已按来源页面表格录入；建议运行导入脚本后核对全国合计与原公告。
NBS_2011_grain_output_bulletin_english,Bulletin on the National Grain Output in 2011 / 法搜转引完整表,official_partial_with_mirror_table,https://www.stats.gov.cn/english/NewsEvents/201112/t20111205_26536.html,2011,2012,河南省,410000,province,grain,9859.9,thousand_hectare,5542.5,ten_thousand_ton,5621.3,kg_per_hectare,已按来源页面表格录入；建议运行导入脚本后核对全国合计与原公告。
NBS_2011_grain_output_bulletin_english,Bulletin on the National Grain Output in 2011 / 法搜转引完整表,official_partial_with_mirror_table,https://www.stats.gov.cn/english/NewsEvents/201112/t20111205_26536.html,2011,2012,湖北省,420000,province,grain,4122.1,thousand_hectare,2388.5,ten_thousand_ton,5794.5,kg_per_hectare,已按来源页面表格录入；建议运行导入脚本后核对全国合计与原公告。
NBS_2011_grain_output_bulletin_english,Bulletin on the National Grain Output in 2011 / 法搜转引完整表,official_partial_with_mirror_table,https://www.stats.gov.cn/english/NewsEvents/201112/t20111205_26536.html,2011,2012,湖南省,430000,province,grain,4879.6,thousand_hectare,2939.4,ten_thousand_ton,6023.9,kg_per_hectare,已按来源页面表格录入；建议运行导入脚本后核对全国合计与原公告。
NBS_2011_grain_output_bulletin_english,Bulletin on the National Grain Output in 2011 / 法搜转引完整表,official_partial_with_mirror_table,https://www.stats.gov.cn/english/NewsEvents/201112/t20111205_26536.html,2011,2012,广东省,440000,province,grain,2530.4,thousand_hectare,1361.0,ten_thousand_ton,5378.4,kg_per_hectare,已按来源页面表格录入；建议运行导入脚本后核对全国合计与原公告。
NBS_2011_grain_output_bulletin_english,Bulletin on the National Grain Output in 2011 / 法搜转引完整表,official_partial_with_mirror_table,https://www.stats.gov.cn/english/NewsEvents/201112/t20111205_26536.html,2011,2012,广西壮族自治区,450000,province,grain,3072.8,thousand_hectare,1429.9,ten_thousand_ton,4653.5,kg_per_hectare,已按来源页面表格录入；建议运行导入脚本后核对全国合计与原公告。
NBS_2011_grain_output_bulletin_english,Bulletin on the National Grain Output in 2011 / 法搜转引完整表,official_partial_with_mirror_table,https://www.stats.gov.cn/english/NewsEvents/201112/t20111205_26536.html,2011,2012,海南省,460000,province,grain,430.6,thousand_hectare,188.0,ten_thousand_ton,4366.0,kg_per_hectare,已按来源页面表格录入；建议运行导入脚本后核对全国合计与原公告。
NBS_2011_grain_output_bulletin_english,Bulletin on the National Grain Output in 2011 / 法搜转引完整表,official_partial_with_mirror_table,https://www.stats.gov.cn/english/NewsEvents/201112/t20111205_26536.html,2011,2012,重庆市,500000,province,grain,2259.4,thousand_hectare,1126.9,ten_thousand_ton,4987.6,kg_per_hectare,已按来源页面表格录入；建议运行导入脚本后核对全国合计与原公告。
NBS_2011_grain_output_bulletin_english,Bulletin on the National Grain Output in 2011 / 法搜转引完整表,official_partial_with_mirror_table,https://www.stats.gov.cn/english/NewsEvents/201112/t20111205_26536.html,2011,2012,四川省,510000,province,grain,6440.5,thousand_hectare,3291.6,ten_thousand_ton,5110.8,kg_per_hectare,已按来源页面表格录入；建议运行导入脚本后核对全国合计与原公告。
NBS_2011_grain_output_bulletin_english,Bulletin on the National Grain Output in 2011 / 法搜转引完整表,official_partial_with_mirror_table,https://www.stats.gov.cn/english/NewsEvents/201112/t20111205_26536.html,2011,2012,贵州省,520000,province,grain,3055.6,thousand_hectare,876.9,ten_thousand_ton,2853.6,kg_per_hectare,已按来源页面表格录入；建议运行导入脚本后核对全国合计与原公告。
NBS_2011_grain_output_bulletin_english,Bulletin on the National Grain Output in 2011 / 法搜转引完整表,official_partial_with_mirror_table,https://www.stats.gov.cn/english/NewsEvents/201112/t20111205_26536.html,2011,2012,云南省,530000,province,grain,4326.9,thousand_hectare,1673.6,ten_thousand_ton,3856.3,kg_per_hectare,已按来源页面表格录入；建议运行导入脚本后核对全国合计与原公告。
NBS_2011_grain_output_bulletin_english,Bulletin on the National Grain Output in 2011 / 法搜转引完整表,official_partial_with_mirror_table,https://www.stats.gov.cn/english/NewsEvents/201112/t20111205_26536.html,2011,2012,西藏自治区,540000,province,grain,170.1,thousand_hectare,93.7,ten_thousand_ton,5507.7,kg_per_hectare,已按来源页面表格录入；建议运行导入脚本后核对全国合计与原公告。
NBS_2011_grain_output_bulletin_english,Bulletin on the National Grain Output in 2011 / 法搜转引完整表,official_partial_with_mirror_table,https://www.stats.gov.cn/english/NewsEvents/201112/t20111205_26536.html,2011,2012,陕西省,610000,province,grain,3134.7,thousand_hectare,1194.7,ten_thousand_ton,3811.2,kg_per_hectare,已按来源页面表格录入；建议运行导入脚本后核对全国合计与原公告。
NBS_2011_grain_output_bulletin_english,Bulletin on the National Grain Output in 2011 / 法搜转引完整表,official_partial_with_mirror_table,https://www.stats.gov.cn/english/NewsEvents/201112/t20111205_26536.html,2011,2012,甘肃省,620000,province,grain,2832.9,thousand_hectare,1014.6,ten_thousand_ton,3581.5,kg_per_hectare,已按来源页面表格录入；建议运行导入脚本后核对全国合计与原公告。
NBS_2011_grain_output_bulletin_english,Bulletin on the National Grain Output in 2011 / 法搜转引完整表,official_partial_with_mirror_table,https://www.stats.gov.cn/english/NewsEvents/201112/t20111205_26536.html,2011,2012,青海省,630000,province,grain,279.4,thousand_hectare,103.4,ten_thousand_ton,3699.2,kg_per_hectare,已按来源页面表格录入；建议运行导入脚本后核对全国合计与原公告。
NBS_2011_grain_output_bulletin_english,Bulletin on the National Grain Output in 2011 / 法搜转引完整表,official_partial_with_mirror_table,https://www.stats.gov.cn/english/NewsEvents/201112/t20111205_26536.html,2011,2012,宁夏回族自治区,640000,province,grain,852.4,thousand_hectare,358.9,ten_thousand_ton,4210.5,kg_per_hectare,已按来源页面表格录入；建议运行导入脚本后核对全国合计与原公告。
NBS_2011_grain_output_bulletin_english,Bulletin on the National Grain Output in 2011 / 法搜转引完整表,official_partial_with_mirror_table,https://www.stats.gov.cn/english/NewsEvents/201112/t20111205_26536.html,2011,2012,新疆维吾尔自治区,650000,province,grain,2047.5,thousand_hectare,1224.7,ten_thousand_ton,5954.6,kg_per_hectare,已按来源页面表格录入；建议运行导入脚本后核对全国合计与原公告。
NBS_2012_grain_output_bulletin_mirror,国家统计局关于2012年粮食产量数据的公告（中国发展门户网转引，官方 gov.cn 页面表格为图片）,official_mirror,https://cn.chinagate.cn/economics/2012-12/03/content_27291108.htm,2012,2013,北京市,110000,province,grain,193.9,thousand_hectare,113.8,ten_thousand_ton,5871.2,kg_per_hectare,已按来源页面表格录入；建议运行导入脚本后核对全国合计与原公告。
NBS_2012_grain_output_bulletin_mirror,国家统计局关于2012年粮食产量数据的公告（中国发展门户网转引，官方 gov.cn 页面表格为图片）,official_mirror,https://cn.chinagate.cn/economics/2012-12/03/content_27291108.htm,2012,2013,天津市,120000,province,grain,322.9,thousand_hectare,161.8,ten_thousand_ton,5009.3,kg_per_hectare,已按来源页面表格录入；建议运行导入脚本后核对全国合计与原公告。
NBS_2012_grain_output_bulletin_mirror,国家统计局关于2012年粮食产量数据的公告（中国发展门户网转引，官方 gov.cn 页面表格为图片）,official_mirror,https://cn.chinagate.cn/economics/2012-12/03/content_27291108.htm,2012,2013,河北省,130000,province,grain,6302.4,thousand_hectare,3246.6,ten_thousand_ton,5151.4,kg_per_hectare,已按来源页面表格录入；建议运行导入脚本后核对全国合计与原公告。
NBS_2012_grain_output_bulletin_mirror,国家统计局关于2012年粮食产量数据的公告（中国发展门户网转引，官方 gov.cn 页面表格为图片）,official_mirror,https://cn.chinagate.cn/economics/2012-12/03/content_27291108.htm,2012,2013,山西省,140000,province,grain,3291.5,thousand_hectare,1274.1,ten_thousand_ton,3870.9,kg_per_hectare,已按来源页面表格录入；建议运行导入脚本后核对全国合计与原公告。
NBS_2012_grain_output_bulletin_mirror,国家统计局关于2012年粮食产量数据的公告（中国发展门户网转引，官方 gov.cn 页面表格为图片）,official_mirror,https://cn.chinagate.cn/economics/2012-12/03/content_27291108.htm,2012,2013,内蒙古自治区,150000,province,grain,5589.4,thousand_hectare,2528.5,ten_thousand_ton,4523.7,kg_per_hectare,已按来源页面表格录入；建议运行导入脚本后核对全国合计与原公告。
NBS_2012_grain_output_bulletin_mirror,国家统计局关于2012年粮食产量数据的公告（中国发展门户网转引，官方 gov.cn 页面表格为图片）,official_mirror,https://cn.chinagate.cn/economics/2012-12/03/content_27291108.htm,2012,2013,辽宁省,210000,province,grain,3217.3,thousand_hectare,2070.5,ten_thousand_ton,6435.5,kg_per_hectare,已按来源页面表格录入；建议运行导入脚本后核对全国合计与原公告。
NBS_2012_grain_output_bulletin_mirror,国家统计局关于2012年粮食产量数据的公告（中国发展门户网转引，官方 gov.cn 页面表格为图片）,official_mirror,https://cn.chinagate.cn/economics/2012-12/03/content_27291108.htm,2012,2013,吉林省,220000,province,grain,4610.3,thousand_hectare,3343.0,ten_thousand_ton,7251.1,kg_per_hectare,已按来源页面表格录入；建议运行导入脚本后核对全国合计与原公告。
NBS_2012_grain_output_bulletin_mirror,国家统计局关于2012年粮食产量数据的公告（中国发展门户网转引，官方 gov.cn 页面表格为图片）,official_mirror,https://cn.chinagate.cn/economics/2012-12/03/content_27291108.htm,2012,2013,黑龙江省,230000,province,grain,11519.5,thousand_hectare,5761.5,ten_thousand_ton,5001.5,kg_per_hectare,已按来源页面表格录入；建议运行导入脚本后核对全国合计与原公告。
NBS_2012_grain_output_bulletin_mirror,国家统计局关于2012年粮食产量数据的公告（中国发展门户网转引，官方 gov.cn 页面表格为图片）,official_mirror,https://cn.chinagate.cn/economics/2012-12/03/content_27291108.htm,2012,2013,上海市,310000,province,grain,187.6,thousand_hectare,121.3,ten_thousand_ton,6465.0,kg_per_hectare,已按来源页面表格录入；建议运行导入脚本后核对全国合计与原公告。
NBS_2012_grain_output_bulletin_mirror,国家统计局关于2012年粮食产量数据的公告（中国发展门户网转引，官方 gov.cn 页面表格为图片）,official_mirror,https://cn.chinagate.cn/economics/2012-12/03/content_27291108.htm,2012,2013,江苏省,320000,province,grain,5336.6,thousand_hectare,3372.5,ten_thousand_ton,6319.6,kg_per_hectare,已按来源页面表格录入；建议运行导入脚本后核对全国合计与原公告。
NBS_2012_grain_output_bulletin_mirror,国家统计局关于2012年粮食产量数据的公告（中国发展门户网转引，官方 gov.cn 页面表格为图片）,official_mirror,https://cn.chinagate.cn/economics/2012-12/03/content_27291108.htm,2012,2013,浙江省,330000,province,grain,1251.6,thousand_hectare,769.8,ten_thousand_ton,6150.9,kg_per_hectare,已按来源页面表格录入；建议运行导入脚本后核对全国合计与原公告。
NBS_2012_grain_output_bulletin_mirror,国家统计局关于2012年粮食产量数据的公告（中国发展门户网转引，官方 gov.cn 页面表格为图片）,official_mirror,https://cn.chinagate.cn/economics/2012-12/03/content_27291108.htm,2012,2013,安徽省,340000,province,grain,6622.0,thousand_hectare,3289.1,ten_thousand_ton,4966.9,kg_per_hectare,已按来源页面表格录入；建议运行导入脚本后核对全国合计与原公告。
NBS_2012_grain_output_bulletin_mirror,国家统计局关于2012年粮食产量数据的公告（中国发展门户网转引，官方 gov.cn 页面表格为图片）,official_mirror,https://cn.chinagate.cn/economics/2012-12/03/content_27291108.htm,2012,2013,福建省,350000,province,grain,1223.4,thousand_hectare,659.3,ten_thousand_ton,5389.6,kg_per_hectare,已按来源页面表格录入；建议运行导入脚本后核对全国合计与原公告。
NBS_2012_grain_output_bulletin_mirror,国家统计局关于2012年粮食产量数据的公告（中国发展门户网转引，官方 gov.cn 页面表格为图片）,official_mirror,https://cn.chinagate.cn/economics/2012-12/03/content_27291108.htm,2012,2013,江西省,360000,province,grain,3675.9,thousand_hectare,2084.8,ten_thousand_ton,5671.6,kg_per_hectare,已按来源页面表格录入；建议运行导入脚本后核对全国合计与原公告。
NBS_2012_grain_output_bulletin_mirror,国家统计局关于2012年粮食产量数据的公告（中国发展门户网转引，官方 gov.cn 页面表格为图片）,official_mirror,https://cn.chinagate.cn/economics/2012-12/03/content_27291108.htm,2012,2013,山东省,370000,province,grain,7202.3,thousand_hectare,4511.4,ten_thousand_ton,6263.8,kg_per_hectare,已按来源页面表格录入；建议运行导入脚本后核对全国合计与原公告。
NBS_2012_grain_output_bulletin_mirror,国家统计局关于2012年粮食产量数据的公告（中国发展门户网转引，官方 gov.cn 页面表格为图片）,official_mirror,https://cn.chinagate.cn/economics/2012-12/03/content_27291108.htm,2012,2013,河南省,410000,province,grain,9985.2,thousand_hectare,5638.6,ten_thousand_ton,5647.0,kg_per_hectare,已按来源页面表格录入；建议运行导入脚本后核对全国合计与原公告。
NBS_2012_grain_output_bulletin_mirror,国家统计局关于2012年粮食产量数据的公告（中国发展门户网转引，官方 gov.cn 页面表格为图片）,official_mirror,https://cn.chinagate.cn/economics/2012-12/03/content_27291108.htm,2012,2013,湖北省,420000,province,grain,4180.1,thousand_hectare,2441.8,ten_thousand_ton,5841.6,kg_per_hectare,已按来源页面表格录入；建议运行导入脚本后核对全国合计与原公告。
NBS_2012_grain_output_bulletin_mirror,国家统计局关于2012年粮食产量数据的公告（中国发展门户网转引，官方 gov.cn 页面表格为图片）,official_mirror,https://cn.chinagate.cn/economics/2012-12/03/content_27291108.htm,2012,2013,湖南省,430000,province,grain,4908.0,thousand_hectare,3006.5,ten_thousand_ton,6125.7,kg_per_hectare,已按来源页面表格录入；建议运行导入脚本后核对全国合计与原公告。
NBS_2012_grain_output_bulletin_mirror,国家统计局关于2012年粮食产量数据的公告（中国发展门户网转引，官方 gov.cn 页面表格为图片）,official_mirror,https://cn.chinagate.cn/economics/2012-12/03/content_27291108.htm,2012,2013,广东省,440000,province,grain,2540.2,thousand_hectare,1396.3,ten_thousand_ton,5497.0,kg_per_hectare,已按来源页面表格录入；建议运行导入脚本后核对全国合计与原公告。
NBS_2012_grain_output_bulletin_mirror,国家统计局关于2012年粮食产量数据的公告（中国发展门户网转引，官方 gov.cn 页面表格为图片）,official_mirror,https://cn.chinagate.cn/economics/2012-12/03/content_27291108.htm,2012,2013,广西壮族自治区,450000,province,grain,3069.1,thousand_hectare,1484.9,ten_thousand_ton,4838.1,kg_per_hectare,已按来源页面表格录入；建议运行导入脚本后核对全国合计与原公告。
NBS_2012_grain_output_bulletin_mirror,国家统计局关于2012年粮食产量数据的公告（中国发展门户网转引，官方 gov.cn 页面表格为图片）,official_mirror,https://cn.chinagate.cn/economics/2012-12/03/content_27291108.htm,2012,2013,海南省,460000,province,grain,438.6,thousand_hectare,199.5,ten_thousand_ton,4549.0,kg_per_hectare,已按来源页面表格录入；建议运行导入脚本后核对全国合计与原公告。
NBS_2012_grain_output_bulletin_mirror,国家统计局关于2012年粮食产量数据的公告（中国发展门户网转引，官方 gov.cn 页面表格为图片）,official_mirror,https://cn.chinagate.cn/economics/2012-12/03/content_27291108.htm,2012,2013,重庆市,500000,province,grain,2259.6,thousand_hectare,1138.5,ten_thousand_ton,5038.7,kg_per_hectare,已按来源页面表格录入；建议运行导入脚本后核对全国合计与原公告。
NBS_2012_grain_output_bulletin_mirror,国家统计局关于2012年粮食产量数据的公告（中国发展门户网转引，官方 gov.cn 页面表格为图片）,official_mirror,https://cn.chinagate.cn/economics/2012-12/03/content_27291108.htm,2012,2013,四川省,510000,province,grain,6468.2,thousand_hectare,3315.0,ten_thousand_ton,5125.1,kg_per_hectare,已按来源页面表格录入；建议运行导入脚本后核对全国合计与原公告。
NBS_2012_grain_output_bulletin_mirror,国家统计局关于2012年粮食产量数据的公告（中国发展门户网转引，官方 gov.cn 页面表格为图片）,official_mirror,https://cn.chinagate.cn/economics/2012-12/03/content_27291108.htm,2012,2013,贵州省,520000,province,grain,3054.3,thousand_hectare,1079.5,ten_thousand_ton,3534.3,kg_per_hectare,已按来源页面表格录入；建议运行导入脚本后核对全国合计与原公告。
NBS_2012_grain_output_bulletin_mirror,国家统计局关于2012年粮食产量数据的公告（中国发展门户网转引，官方 gov.cn 页面表格为图片）,official_mirror,https://cn.chinagate.cn/economics/2012-12/03/content_27291108.htm,2012,2013,云南省,530000,province,grain,4439.1,thousand_hectare,1749.1,ten_thousand_ton,3940.2,kg_per_hectare,已按来源页面表格录入；建议运行导入脚本后核对全国合计与原公告。
NBS_2012_grain_output_bulletin_mirror,国家统计局关于2012年粮食产量数据的公告（中国发展门户网转引，官方 gov.cn 页面表格为图片）,official_mirror,https://cn.chinagate.cn/economics/2012-12/03/content_27291108.htm,2012,2013,西藏自治区,540000,province,grain,171.4,thousand_hectare,95.0,ten_thousand_ton,5542.6,kg_per_hectare,已按来源页面表格录入；建议运行导入脚本后核对全国合计与原公告。
NBS_2012_grain_output_bulletin_mirror,国家统计局关于2012年粮食产量数据的公告（中国发展门户网转引，官方 gov.cn 页面表格为图片）,official_mirror,https://cn.chinagate.cn/economics/2012-12/03/content_27291108.htm,2012,2013,陕西省,610000,province,grain,3127.5,thousand_hectare,1245.1,ten_thousand_ton,3981.1,kg_per_hectare,已按来源页面表格录入；建议运行导入脚本后核对全国合计与原公告。
NBS_2012_grain_output_bulletin_mirror,国家统计局关于2012年粮食产量数据的公告（中国发展门户网转引，官方 gov.cn 页面表格为图片）,official_mirror,https://cn.chinagate.cn/economics/2012-12/03/content_27291108.htm,2012,2013,甘肃省,620000,province,grain,2839.4,thousand_hectare,1109.7,ten_thousand_ton,3908.2,kg_per_hectare,已按来源页面表格录入；建议运行导入脚本后核对全国合计与原公告。
NBS_2012_grain_output_bulletin_mirror,国家统计局关于2012年粮食产量数据的公告（中国发展门户网转引，官方 gov.cn 页面表格为图片）,official_mirror,https://cn.chinagate.cn/economics/2012-12/03/content_27291108.htm,2012,2013,青海省,630000,province,grain,280.2,thousand_hectare,101.5,ten_thousand_ton,3622.7,kg_per_hectare,已按来源页面表格录入；建议运行导入脚本后核对全国合计与原公告。
NBS_2012_grain_output_bulletin_mirror,国家统计局关于2012年粮食产量数据的公告（中国发展门户网转引，官方 gov.cn 页面表格为图片）,official_mirror,https://cn.chinagate.cn/economics/2012-12/03/content_27291108.htm,2012,2013,宁夏回族自治区,640000,province,grain,828.3,thousand_hectare,375.0,ten_thousand_ton,4527.5,kg_per_hectare,已按来源页面表格录入；建议运行导入脚本后核对全国合计与原公告。
NBS_2012_grain_output_bulletin_mirror,国家统计局关于2012年粮食产量数据的公告（中国发展门户网转引，官方 gov.cn 页面表格为图片）,official_mirror,https://cn.chinagate.cn/economics/2012-12/03/content_27291108.htm,2012,2013,新疆维吾尔自治区,650000,province,grain,2131.1,thousand_hectare,1273.0,ten_thousand_ton,5973.4,kg_per_hectare,已按来源页面表格录入；建议运行导入脚本后核对全国合计与原公告。
NBS_2013_grain_output_bulletin,国家统计局关于2013年粮食产量的公告,official,https://www.stats.gov.cn/sj/zxfb/202302/t20230203_1898413.html,2013,2014,北京市,110000,province,grain,159.0,thousand_hectare,96.1,ten_thousand_ton,6043.5,kg_per_hectare,已按来源页面表格录入；建议运行导入脚本后核对全国合计与原公告。
NBS_2013_grain_output_bulletin,国家统计局关于2013年粮食产量的公告,official,https://www.stats.gov.cn/sj/zxfb/202302/t20230203_1898413.html,2013,2014,天津市,120000,province,grain,332.8,thousand_hectare,174.7,ten_thousand_ton,5249.9,kg_per_hectare,已按来源页面表格录入；建议运行导入脚本后核对全国合计与原公告。
NBS_2013_grain_output_bulletin,国家统计局关于2013年粮食产量的公告,official,https://www.stats.gov.cn/sj/zxfb/202302/t20230203_1898413.html,2013,2014,河北省,130000,province,grain,6315.9,thousand_hectare,3365.0,ten_thousand_ton,5327.9,kg_per_hectare,已按来源页面表格录入；建议运行导入脚本后核对全国合计与原公告。
NBS_2013_grain_output_bulletin,国家统计局关于2013年粮食产量的公告,official,https://www.stats.gov.cn/sj/zxfb/202302/t20230203_1898413.html,2013,2014,山西省,140000,province,grain,3274.3,thousand_hectare,1312.8,ten_thousand_ton,4009.4,kg_per_hectare,已按来源页面表格录入；建议运行导入脚本后核对全国合计与原公告。
NBS_2013_grain_output_bulletin,国家统计局关于2013年粮食产量的公告,official,https://www.stats.gov.cn/sj/zxfb/202302/t20230203_1898413.html,2013,2014,内蒙古自治区,150000,province,grain,5617.3,thousand_hectare,2773.0,ten_thousand_ton,4936.5,kg_per_hectare,已按来源页面表格录入；建议运行导入脚本后核对全国合计与原公告。
NBS_2013_grain_output_bulletin,国家统计局关于2013年粮食产量的公告,official,https://www.stats.gov.cn/sj/zxfb/202302/t20230203_1898413.html,2013,2014,辽宁省,210000,province,grain,3226.4,thousand_hectare,2195.6,ten_thousand_ton,6805.2,kg_per_hectare,已按来源页面表格录入；建议运行导入脚本后核对全国合计与原公告。
NBS_2013_grain_output_bulletin,国家统计局关于2013年粮食产量的公告,official,https://www.stats.gov.cn/sj/zxfb/202302/t20230203_1898413.html,2013,2014,吉林省,220000,province,grain,4789.9,thousand_hectare,3551.0,ten_thousand_ton,7413.7,kg_per_hectare,已按来源页面表格录入；建议运行导入脚本后核对全国合计与原公告。
NBS_2013_grain_output_bulletin,国家统计局关于2013年粮食产量的公告,official,https://www.stats.gov.cn/sj/zxfb/202302/t20230203_1898413.html,2013,2014,黑龙江省,230000,province,grain,11564.4,thousand_hectare,6004.1,ten_thousand_ton,5191.9,kg_per_hectare,已按来源页面表格录入；建议运行导入脚本后核对全国合计与原公告。
NBS_2013_grain_output_bulletin,国家统计局关于2013年粮食产量的公告,official,https://www.stats.gov.cn/sj/zxfb/202302/t20230203_1898413.html,2013,2014,上海市,310000,province,grain,168.5,thousand_hectare,114.2,ten_thousand_ton,6774.1,kg_per_hectare,已按来源页面表格录入；建议运行导入脚本后核对全国合计与原公告。
NBS_2013_grain_output_bulletin,国家统计局关于2013年粮食产量的公告,official,https://www.stats.gov.cn/sj/zxfb/202302/t20230203_1898413.html,2013,2014,江苏省,320000,province,grain,5360.8,thousand_hectare,3423.0,ten_thousand_ton,6385.3,kg_per_hectare,已按来源页面表格录入；建议运行导入脚本后核对全国合计与原公告。
NBS_2013_grain_output_bulletin,国家统计局关于2013年粮食产量的公告,official,https://www.stats.gov.cn/sj/zxfb/202302/t20230203_1898413.html,2013,2014,浙江省,330000,province,grain,1253.7,thousand_hectare,733.9,ten_thousand_ton,5854.1,kg_per_hectare,已按来源页面表格录入；建议运行导入脚本后核对全国合计与原公告。
NBS_2013_grain_output_bulletin,国家统计局关于2013年粮食产量的公告,official,https://www.stats.gov.cn/sj/zxfb/202302/t20230203_1898413.html,2013,2014,安徽省,340000,province,grain,6625.3,thousand_hectare,3279.6,ten_thousand_ton,4950.1,kg_per_hectare,已按来源页面表格录入；建议运行导入脚本后核对全国合计与原公告。
NBS_2013_grain_output_bulletin,国家统计局关于2013年粮食产量的公告,official,https://www.stats.gov.cn/sj/zxfb/202302/t20230203_1898413.html,2013,2014,福建省,350000,province,grain,1202.1,thousand_hectare,664.4,ten_thousand_ton,5526.9,kg_per_hectare,已按来源页面表格录入；建议运行导入脚本后核对全国合计与原公告。
NBS_2013_grain_output_bulletin,国家统计局关于2013年粮食产量的公告,official,https://www.stats.gov.cn/sj/zxfb/202302/t20230203_1898413.html,2013,2014,江西省,360000,province,grain,3690.9,thousand_hectare,2116.1,ten_thousand_ton,5733.2,kg_per_hectare,已按来源页面表格录入；建议运行导入脚本后核对全国合计与原公告。
NBS_2013_grain_output_bulletin,国家统计局关于2013年粮食产量的公告,official,https://www.stats.gov.cn/sj/zxfb/202302/t20230203_1898413.html,2013,2014,山东省,370000,province,grain,7294.6,thousand_hectare,4528.2,ten_thousand_ton,6207.6,kg_per_hectare,已按来源页面表格录入；建议运行导入脚本后核对全国合计与原公告。
NBS_2013_grain_output_bulletin,国家统计局关于2013年粮食产量的公告,official,https://www.stats.gov.cn/sj/zxfb/202302/t20230203_1898413.html,2013,2014,河南省,410000,province,grain,10081.8,thousand_hectare,5713.7,ten_thousand_ton,5667.3,kg_per_hectare,已按来源页面表格录入；建议运行导入脚本后核对全国合计与原公告。
NBS_2013_grain_output_bulletin,国家统计局关于2013年粮食产量的公告,official,https://www.stats.gov.cn/sj/zxfb/202302/t20230203_1898413.html,2013,2014,湖北省,420000,province,grain,4258.4,thousand_hectare,2501.3,ten_thousand_ton,5873.9,kg_per_hectare,已按来源页面表格录入；建议运行导入脚本后核对全国合计与原公告。
NBS_2013_grain_output_bulletin,国家统计局关于2013年粮食产量的公告,official,https://www.stats.gov.cn/sj/zxfb/202302/t20230203_1898413.html,2013,2014,湖南省,430000,province,grain,4936.6,thousand_hectare,2925.8,ten_thousand_ton,5926.7,kg_per_hectare,已按来源页面表格录入；建议运行导入脚本后核对全国合计与原公告。
NBS_2013_grain_output_bulletin,国家统计局关于2013年粮食产量的公告,official,https://www.stats.gov.cn/sj/zxfb/202302/t20230203_1898413.html,2013,2014,广东省,440000,province,grain,2507.6,thousand_hectare,1315.9,ten_thousand_ton,5247.8,kg_per_hectare,已按来源页面表格录入；建议运行导入脚本后核对全国合计与原公告。
NBS_2013_grain_output_bulletin,国家统计局关于2013年粮食产量的公告,official,https://www.stats.gov.cn/sj/zxfb/202302/t20230203_1898413.html,2013,2014,广西壮族自治区,450000,province,grain,3076.0,thousand_hectare,1521.8,ten_thousand_ton,4947.3,kg_per_hectare,已按来源页面表格录入；建议运行导入脚本后核对全国合计与原公告。
NBS_2013_grain_output_bulletin,国家统计局关于2013年粮食产量的公告,official,https://www.stats.gov.cn/sj/zxfb/202302/t20230203_1898413.html,2013,2014,海南省,460000,province,grain,421.8,thousand_hectare,190.9,ten_thousand_ton,4526.8,kg_per_hectare,已按来源页面表格录入；建议运行导入脚本后核对全国合计与原公告。
NBS_2013_grain_output_bulletin,国家统计局关于2013年粮食产量的公告,official,https://www.stats.gov.cn/sj/zxfb/202302/t20230203_1898413.html,2013,2014,重庆市,500000,province,grain,2253.9,thousand_hectare,1148.1,ten_thousand_ton,5093.8,kg_per_hectare,已按来源页面表格录入；建议运行导入脚本后核对全国合计与原公告。
NBS_2013_grain_output_bulletin,国家统计局关于2013年粮食产量的公告,official,https://www.stats.gov.cn/sj/zxfb/202302/t20230203_1898413.html,2013,2014,四川省,510000,province,grain,6469.9,thousand_hectare,3387.1,ten_thousand_ton,5235.2,kg_per_hectare,已按来源页面表格录入；建议运行导入脚本后核对全国合计与原公告。
NBS_2013_grain_output_bulletin,国家统计局关于2013年粮食产量的公告,official,https://www.stats.gov.cn/sj/zxfb/202302/t20230203_1898413.html,2013,2014,贵州省,520000,province,grain,3118.4,thousand_hectare,1030.0,ten_thousand_ton,3302.9,kg_per_hectare,已按来源页面表格录入；建议运行导入脚本后核对全国合计与原公告。
NBS_2013_grain_output_bulletin,国家统计局关于2013年粮食产量的公告,official,https://www.stats.gov.cn/sj/zxfb/202302/t20230203_1898413.html,2013,2014,云南省,530000,province,grain,4499.4,thousand_hectare,1824.0,ten_thousand_ton,4053.9,kg_per_hectare,已按来源页面表格录入；建议运行导入脚本后核对全国合计与原公告。
NBS_2013_grain_output_bulletin,国家统计局关于2013年粮食产量的公告,official,https://www.stats.gov.cn/sj/zxfb/202302/t20230203_1898413.html,2013,2014,西藏自治区,540000,province,grain,171.6,thousand_hectare,95.8,ten_thousand_ton,5583.4,kg_per_hectare,已按来源页面表格录入；建议运行导入脚本后核对全国合计与原公告。
NBS_2013_grain_output_bulletin,国家统计局关于2013年粮食产量的公告,official,https://www.stats.gov.cn/sj/zxfb/202302/t20230203_1898413.html,2013,2014,陕西省,610000,province,grain,3105.1,thousand_hectare,1215.8,ten_thousand_ton,3915.5,kg_per_hectare,已按来源页面表格录入；建议运行导入脚本后核对全国合计与原公告。
NBS_2013_grain_output_bulletin,国家统计局关于2013年粮食产量的公告,official,https://www.stats.gov.cn/sj/zxfb/202302/t20230203_1898413.html,2013,2014,甘肃省,620000,province,grain,2858.7,thousand_hectare,1138.9,ten_thousand_ton,3983.8,kg_per_hectare,已按来源页面表格录入；建议运行导入脚本后核对全国合计与原公告。
NBS_2013_grain_output_bulletin,国家统计局关于2013年粮食产量的公告,official,https://www.stats.gov.cn/sj/zxfb/202302/t20230203_1898413.html,2013,2014,青海省,630000,province,grain,280.0,thousand_hectare,102.4,ten_thousand_ton,3656.5,kg_per_hectare,已按来源页面表格录入；建议运行导入脚本后核对全国合计与原公告。
NBS_2013_grain_output_bulletin,国家统计局关于2013年粮食产量的公告,official,https://www.stats.gov.cn/sj/zxfb/202302/t20230203_1898413.html,2013,2014,宁夏回族自治区,640000,province,grain,801.6,thousand_hectare,373.4,ten_thousand_ton,4658.2,kg_per_hectare,已按来源页面表格录入；建议运行导入脚本后核对全国合计与原公告。
NBS_2013_grain_output_bulletin,国家统计局关于2013年粮食产量的公告,official,https://www.stats.gov.cn/sj/zxfb/202302/t20230203_1898413.html,2013,2014,新疆维吾尔自治区,650000,province,grain,2234.8,thousand_hectare,1377.0,ten_thousand_ton,6161.4,kg_per_hectare,已按来源页面表格录入；建议运行导入脚本后核对全国合计与原公告。
NBS_2014_grain_output_bulletin,国家统计局关于2014年粮食产量的公告,official,https://www.stats.gov.cn/sj/zxfb/202302/t20230203_1898640.html,2014,2015,北京市,110000,province,grain,120.2,thousand_hectare,63.9,ten_thousand_ton,5320.4,kg_per_hectare,已按来源页面表格录入；建议运行导入脚本后核对全国合计与原公告。
NBS_2014_grain_output_bulletin,国家统计局关于2014年粮食产量的公告,official,https://www.stats.gov.cn/sj/zxfb/202302/t20230203_1898640.html,2014,2015,天津市,120000,province,grain,345.8,thousand_hectare,176.0,ten_thousand_ton,5087.9,kg_per_hectare,已按来源页面表格录入；建议运行导入脚本后核对全国合计与原公告。
NBS_2014_grain_output_bulletin,国家统计局关于2014年粮食产量的公告,official,https://www.stats.gov.cn/sj/zxfb/202302/t20230203_1898640.html,2014,2015,河北省,130000,province,grain,6332.0,thousand_hectare,3360.2,ten_thousand_ton,5306.6,kg_per_hectare,已按来源页面表格录入；建议运行导入脚本后核对全国合计与原公告。
NBS_2014_grain_output_bulletin,国家统计局关于2014年粮食产量的公告,official,https://www.stats.gov.cn/sj/zxfb/202302/t20230203_1898640.html,2014,2015,山西省,140000,province,grain,3286.4,thousand_hectare,1330.8,ten_thousand_ton,4049.4,kg_per_hectare,已按来源页面表格录入；建议运行导入脚本后核对全国合计与原公告。
NBS_2014_grain_output_bulletin,国家统计局关于2014年粮食产量的公告,official,https://www.stats.gov.cn/sj/zxfb/202302/t20230203_1898640.html,2014,2015,内蒙古自治区,150000,province,grain,5651.0,thousand_hectare,2753.0,ten_thousand_ton,4871.7,kg_per_hectare,已按来源页面表格录入；建议运行导入脚本后核对全国合计与原公告。
NBS_2014_grain_output_bulletin,国家统计局关于2014年粮食产量的公告,official,https://www.stats.gov.cn/sj/zxfb/202302/t20230203_1898640.html,2014,2015,辽宁省,210000,province,grain,3235.1,thousand_hectare,1753.9,ten_thousand_ton,5421.5,kg_per_hectare,已按来源页面表格录入；建议运行导入脚本后核对全国合计与原公告。
NBS_2014_grain_output_bulletin,国家统计局关于2014年粮食产量的公告,official,https://www.stats.gov.cn/sj/zxfb/202302/t20230203_1898640.html,2014,2015,吉林省,220000,province,grain,5000.7,thousand_hectare,3532.8,ten_thousand_ton,7064.7,kg_per_hectare,已按来源页面表格录入；建议运行导入脚本后核对全国合计与原公告。
NBS_2014_grain_output_bulletin,国家统计局关于2014年粮食产量的公告,official,https://www.stats.gov.cn/sj/zxfb/202302/t20230203_1898640.html,2014,2015,黑龙江省,230000,province,grain,11696.4,thousand_hectare,6242.2,ten_thousand_ton,5336.8,kg_per_hectare,已按来源页面表格录入；建议运行导入脚本后核对全国合计与原公告。
NBS_2014_grain_output_bulletin,国家统计局关于2014年粮食产量的公告,official,https://www.stats.gov.cn/sj/zxfb/202302/t20230203_1898640.html,2014,2015,上海市,310000,province,grain,164.9,thousand_hectare,112.9,ten_thousand_ton,6847.6,kg_per_hectare,已按来源页面表格录入；建议运行导入脚本后核对全国合计与原公告。
NBS_2014_grain_output_bulletin,国家统计局关于2014年粮食产量的公告,official,https://www.stats.gov.cn/sj/zxfb/202302/t20230203_1898640.html,2014,2015,江苏省,320000,province,grain,5376.1,thousand_hectare,3490.6,ten_thousand_ton,6492.9,kg_per_hectare,已按来源页面表格录入；建议运行导入脚本后核对全国合计与原公告。
NBS_2014_grain_output_bulletin,国家统计局关于2014年粮食产量的公告,official,https://www.stats.gov.cn/sj/zxfb/202302/t20230203_1898640.html,2014,2015,浙江省,330000,province,grain,1266.8,thousand_hectare,757.4,ten_thousand_ton,5978.8,kg_per_hectare,已按来源页面表格录入；建议运行导入脚本后核对全国合计与原公告。
NBS_2014_grain_output_bulletin,国家统计局关于2014年粮食产量的公告,official,https://www.stats.gov.cn/sj/zxfb/202302/t20230203_1898640.html,2014,2015,安徽省,340000,province,grain,6628.9,thousand_hectare,3415.8,ten_thousand_ton,5152.9,kg_per_hectare,已按来源页面表格录入；建议运行导入脚本后核对全国合计与原公告。
NBS_2014_grain_output_bulletin,国家统计局关于2014年粮食产量的公告,official,https://www.stats.gov.cn/sj/zxfb/202302/t20230203_1898640.html,2014,2015,福建省,350000,province,grain,1197.7,thousand_hectare,667.0,ten_thousand_ton,5569.0,kg_per_hectare,已按来源页面表格录入；建议运行导入脚本后核对全国合计与原公告。
NBS_2014_grain_output_bulletin,国家统计局关于2014年粮食产量的公告,official,https://www.stats.gov.cn/sj/zxfb/202302/t20230203_1898640.html,2014,2015,江西省,360000,province,grain,3697.3,thousand_hectare,2143.5,ten_thousand_ton,5797.3,kg_per_hectare,已按来源页面表格录入；建议运行导入脚本后核对全国合计与原公告。
NBS_2014_grain_output_bulletin,国家统计局关于2014年粮食产量的公告,official,https://www.stats.gov.cn/sj/zxfb/202302/t20230203_1898640.html,2014,2015,山东省,370000,province,grain,7440.0,thousand_hectare,4596.6,ten_thousand_ton,6178.2,kg_per_hectare,已按来源页面表格录入；建议运行导入脚本后核对全国合计与原公告。
NBS_2014_grain_output_bulletin,国家统计局关于2014年粮食产量的公告,official,https://www.stats.gov.cn/sj/zxfb/202302/t20230203_1898640.html,2014,2015,河南省,410000,province,grain,10209.8,thousand_hectare,5772.3,ten_thousand_ton,5653.7,kg_per_hectare,已按来源页面表格录入；建议运行导入脚本后核对全国合计与原公告。
NBS_2014_grain_output_bulletin,国家统计局关于2014年粮食产量的公告,official,https://www.stats.gov.cn/sj/zxfb/202302/t20230203_1898640.html,2014,2015,湖北省,420000,province,grain,4370.3,thousand_hectare,2584.2,ten_thousand_ton,5913.0,kg_per_hectare,已按来源页面表格录入；建议运行导入脚本后核对全国合计与原公告。
NBS_2014_grain_output_bulletin,国家统计局关于2014年粮食产量的公告,official,https://www.stats.gov.cn/sj/zxfb/202302/t20230203_1898640.html,2014,2015,湖南省,430000,province,grain,4975.1,thousand_hectare,3001.3,ten_thousand_ton,6032.5,kg_per_hectare,已按来源页面表格录入；建议运行导入脚本后核对全国合计与原公告。
NBS_2014_grain_output_bulletin,国家统计局关于2014年粮食产量的公告,official,https://www.stats.gov.cn/sj/zxfb/202302/t20230203_1898640.html,2014,2015,广东省,440000,province,grain,2507.0,thousand_hectare,1357.3,ten_thousand_ton,5414.2,kg_per_hectare,已按来源页面表格录入；建议运行导入脚本后核对全国合计与原公告。
NBS_2014_grain_output_bulletin,国家统计局关于2014年粮食产量的公告,official,https://www.stats.gov.cn/sj/zxfb/202302/t20230203_1898640.html,2014,2015,广西壮族自治区,450000,province,grain,3067.7,thousand_hectare,1534.4,ten_thousand_ton,5001.9,kg_per_hectare,已按来源页面表格录入；建议运行导入脚本后核对全国合计与原公告。
NBS_2014_grain_output_bulletin,国家统计局关于2014年粮食产量的公告,official,https://www.stats.gov.cn/sj/zxfb/202302/t20230203_1898640.html,2014,2015,海南省,460000,province,grain,417.0,thousand_hectare,198.0,ten_thousand_ton,4747.3,kg_per_hectare,已按来源页面表格录入；建议运行导入脚本后核对全国合计与原公告。
NBS_2014_grain_output_bulletin,国家统计局关于2014年粮食产量的公告,official,https://www.stats.gov.cn/sj/zxfb/202302/t20230203_1898640.html,2014,2015,重庆市,500000,province,grain,2242.5,thousand_hectare,1144.5,ten_thousand_ton,5103.8,kg_per_hectare,已按来源页面表格录入；建议运行导入脚本后核对全国合计与原公告。
NBS_2014_grain_output_bulletin,国家统计局关于2014年粮食产量的公告,official,https://www.stats.gov.cn/sj/zxfb/202302/t20230203_1898640.html,2014,2015,四川省,510000,province,grain,6467.4,thousand_hectare,3374.9,ten_thousand_ton,5218.3,kg_per_hectare,已按来源页面表格录入；建议运行导入脚本后核对全国合计与原公告。
NBS_2014_grain_output_bulletin,国家统计局关于2014年粮食产量的公告,official,https://www.stats.gov.cn/sj/zxfb/202302/t20230203_1898640.html,2014,2015,贵州省,520000,province,grain,3138.3,thousand_hectare,1138.5,ten_thousand_ton,3627.7,kg_per_hectare,已按来源页面表格录入；建议运行导入脚本后核对全国合计与原公告。
NBS_2014_grain_output_bulletin,国家统计局关于2014年粮食产量的公告,official,https://www.stats.gov.cn/sj/zxfb/202302/t20230203_1898640.html,2014,2015,云南省,530000,province,grain,4508.2,thousand_hectare,1860.7,ten_thousand_ton,4127.4,kg_per_hectare,已按来源页面表格录入；建议运行导入脚本后核对全国合计与原公告。
NBS_2014_grain_output_bulletin,国家统计局关于2014年粮食产量的公告,official,https://www.stats.gov.cn/sj/zxfb/202302/t20230203_1898640.html,2014,2015,西藏自治区,540000,province,grain,169.3,thousand_hectare,93.7,ten_thousand_ton,5531.9,kg_per_hectare,已按来源页面表格录入；建议运行导入脚本后核对全国合计与原公告。
NBS_2014_grain_output_bulletin,国家统计局关于2014年粮食产量的公告,official,https://www.stats.gov.cn/sj/zxfb/202302/t20230203_1898640.html,2014,2015,陕西省,610000,province,grain,3076.5,thousand_hectare,1197.8,ten_thousand_ton,3893.3,kg_per_hectare,已按来源页面表格录入；建议运行导入脚本后核对全国合计与原公告。
NBS_2014_grain_output_bulletin,国家统计局关于2014年粮食产量的公告,official,https://www.stats.gov.cn/sj/zxfb/202302/t20230203_1898640.html,2014,2015,甘肃省,620000,province,grain,2842.5,thousand_hectare,1158.7,ten_thousand_ton,4076.2,kg_per_hectare,已按来源页面表格录入；建议运行导入脚本后核对全国合计与原公告。
NBS_2014_grain_output_bulletin,国家统计局关于2014年粮食产量的公告,official,https://www.stats.gov.cn/sj/zxfb/202302/t20230203_1898640.html,2014,2015,青海省,630000,province,grain,280.1,thousand_hectare,104.8,ten_thousand_ton,3741.9,kg_per_hectare,已按来源页面表格录入；建议运行导入脚本后核对全国合计与原公告。
NBS_2014_grain_output_bulletin,国家统计局关于2014年粮食产量的公告,official,https://www.stats.gov.cn/sj/zxfb/202302/t20230203_1898640.html,2014,2015,宁夏回族自治区,640000,province,grain,771.3,thousand_hectare,377.9,ten_thousand_ton,4899.3,kg_per_hectare,已按来源页面表格录入；建议运行导入脚本后核对全国合计与原公告。
NBS_2014_grain_output_bulletin,国家统计局关于2014年粮食产量的公告,official,https://www.stats.gov.cn/sj/zxfb/202302/t20230203_1898640.html,2014,2015,新疆维吾尔自治区,650000,province,grain,2255.9,thousand_hectare,1414.5,ten_thousand_ton,6270.2,kg_per_hectare,已按来源页面表格录入；建议运行导入脚本后核对全国合计与原公告。
NBS_2015_grain_output_bulletin,国家统计局关于2015年粮食产量的公告,official,https://www.stats.gov.cn/sj/zxfb/202302/t20230203_1898979.html,2015,2016,北京市,110000,province,grain,104.5,thousand_hectare,62.6,ten_thousand_ton,5996.6,kg_per_hectare,已按来源页面表格录入；建议运行导入脚本后核对全国合计与原公告。
NBS_2015_grain_output_bulletin,国家统计局关于2015年粮食产量的公告,official,https://www.stats.gov.cn/sj/zxfb/202302/t20230203_1898979.html,2015,2016,天津市,120000,province,grain,350.0,thousand_hectare,181.7,ten_thousand_ton,5192.2,kg_per_hectare,已按来源页面表格录入；建议运行导入脚本后核对全国合计与原公告。
NBS_2015_grain_output_bulletin,国家统计局关于2015年粮食产量的公告,official,https://www.stats.gov.cn/sj/zxfb/202302/t20230203_1898979.html,2015,2016,河北省,130000,province,grain,6392.5,thousand_hectare,3363.8,ten_thousand_ton,5262.1,kg_per_hectare,已按来源页面表格录入；建议运行导入脚本后核对全国合计与原公告。
NBS_2015_grain_output_bulletin,国家统计局关于2015年粮食产量的公告,official,https://www.stats.gov.cn/sj/zxfb/202302/t20230203_1898979.html,2015,2016,山西省,140000,province,grain,3287.2,thousand_hectare,1259.6,ten_thousand_ton,3831.8,kg_per_hectare,已按来源页面表格录入；建议运行导入脚本后核对全国合计与原公告。
NBS_2015_grain_output_bulletin,国家统计局关于2015年粮食产量的公告,official,https://www.stats.gov.cn/sj/zxfb/202302/t20230203_1898979.html,2015,2016,内蒙古自治区,150000,province,grain,5726.7,thousand_hectare,2827.0,ten_thousand_ton,4936.6,kg_per_hectare,已按来源页面表格录入；建议运行导入脚本后核对全国合计与原公告。
NBS_2015_grain_output_bulletin,国家统计局关于2015年粮食产量的公告,official,https://www.stats.gov.cn/sj/zxfb/202302/t20230203_1898979.html,2015,2016,辽宁省,210000,province,grain,3297.4,thousand_hectare,2002.5,ten_thousand_ton,6073.1,kg_per_hectare,已按来源页面表格录入；建议运行导入脚本后核对全国合计与原公告。
NBS_2015_grain_output_bulletin,国家统计局关于2015年粮食产量的公告,official,https://www.stats.gov.cn/sj/zxfb/202302/t20230203_1898979.html,2015,2016,吉林省,220000,province,grain,5078.0,thousand_hectare,3647.0,ten_thousand_ton,7182.1,kg_per_hectare,已按来源页面表格录入；建议运行导入脚本后核对全国合计与原公告。
NBS_2015_grain_output_bulletin,国家统计局关于2015年粮食产量的公告,official,https://www.stats.gov.cn/sj/zxfb/202302/t20230203_1898979.html,2015,2016,黑龙江省,230000,province,grain,11765.2,thousand_hectare,6324.0,ten_thousand_ton,5375.1,kg_per_hectare,已按来源页面表格录入；建议运行导入脚本后核对全国合计与原公告。
NBS_2015_grain_output_bulletin,国家统计局关于2015年粮食产量的公告,official,https://www.stats.gov.cn/sj/zxfb/202302/t20230203_1898979.html,2015,2016,上海市,310000,province,grain,161.9,thousand_hectare,112.1,ten_thousand_ton,6921.2,kg_per_hectare,已按来源页面表格录入；建议运行导入脚本后核对全国合计与原公告。
NBS_2015_grain_output_bulletin,国家统计局关于2015年粮食产量的公告,official,https://www.stats.gov.cn/sj/zxfb/202302/t20230203_1898979.html,2015,2016,江苏省,320000,province,grain,5424.6,thousand_hectare,3561.3,ten_thousand_ton,6565.1,kg_per_hectare,已按来源页面表格录入；建议运行导入脚本后核对全国合计与原公告。
NBS_2015_grain_output_bulletin,国家统计局关于2015年粮食产量的公告,official,https://www.stats.gov.cn/sj/zxfb/202302/t20230203_1898979.html,2015,2016,浙江省,330000,province,grain,1277.8,thousand_hectare,752.2,ten_thousand_ton,5886.4,kg_per_hectare,已按来源页面表格录入；建议运行导入脚本后核对全国合计与原公告。
NBS_2015_grain_output_bulletin,国家统计局关于2015年粮食产量的公告,official,https://www.stats.gov.cn/sj/zxfb/202302/t20230203_1898979.html,2015,2016,安徽省,340000,province,grain,6632.9,thousand_hectare,3538.1,ten_thousand_ton,5334.2,kg_per_hectare,已按来源页面表格录入；建议运行导入脚本后核对全国合计与原公告。
NBS_2015_grain_output_bulletin,国家统计局关于2015年粮食产量的公告,official,https://www.stats.gov.cn/sj/zxfb/202302/t20230203_1898979.html,2015,2016,福建省,350000,province,grain,1193.2,thousand_hectare,661.1,ten_thousand_ton,5540.5,kg_per_hectare,已按来源页面表格录入；建议运行导入脚本后核对全国合计与原公告。
NBS_2015_grain_output_bulletin,国家统计局关于2015年粮食产量的公告,official,https://www.stats.gov.cn/sj/zxfb/202302/t20230203_1898979.html,2015,2016,江西省,360000,province,grain,3705.6,thousand_hectare,2148.7,ten_thousand_ton,5798.6,kg_per_hectare,已按来源页面表格录入；建议运行导入脚本后核对全国合计与原公告。
NBS_2015_grain_output_bulletin,国家统计局关于2015年粮食产量的公告,official,https://www.stats.gov.cn/sj/zxfb/202302/t20230203_1898979.html,2015,2016,山东省,370000,province,grain,7492.1,thousand_hectare,4712.7,ten_thousand_ton,6290.2,kg_per_hectare,已按来源页面表格录入；建议运行导入脚本后核对全国合计与原公告。
NBS_2015_grain_output_bulletin,国家统计局关于2015年粮食产量的公告,official,https://www.stats.gov.cn/sj/zxfb/202302/t20230203_1898979.html,2015,2016,河南省,410000,province,grain,10267.2,thousand_hectare,6067.1,ten_thousand_ton,5909.2,kg_per_hectare,已按来源页面表格录入；建议运行导入脚本后核对全国合计与原公告。
NBS_2015_grain_output_bulletin,国家统计局关于2015年粮食产量的公告,official,https://www.stats.gov.cn/sj/zxfb/202302/t20230203_1898979.html,2015,2016,湖北省,420000,province,grain,4466.0,thousand_hectare,2703.3,ten_thousand_ton,6053.0,kg_per_hectare,已按来源页面表格录入；建议运行导入脚本后核对全国合计与原公告。
NBS_2015_grain_output_bulletin,国家统计局关于2015年粮食产量的公告,official,https://www.stats.gov.cn/sj/zxfb/202302/t20230203_1898979.html,2015,2016,湖南省,430000,province,grain,4944.7,thousand_hectare,3002.9,ten_thousand_ton,6073.1,kg_per_hectare,已按来源页面表格录入；建议运行导入脚本后核对全国合计与原公告。
NBS_2015_grain_output_bulletin,国家统计局关于2015年粮食产量的公告,official,https://www.stats.gov.cn/sj/zxfb/202302/t20230203_1898979.html,2015,2016,广东省,440000,province,grain,2505.8,thousand_hectare,1358.1,ten_thousand_ton,5419.9,kg_per_hectare,已按来源页面表格录入；建议运行导入脚本后核对全国合计与原公告。
NBS_2015_grain_output_bulletin,国家统计局关于2015年粮食产量的公告,official,https://www.stats.gov.cn/sj/zxfb/202302/t20230203_1898979.html,2015,2016,广西壮族自治区,450000,province,grain,3059.3,thousand_hectare,1524.8,ten_thousand_ton,4983.9,kg_per_hectare,已按来源页面表格录入；建议运行导入脚本后核对全国合计与原公告。
NBS_2015_grain_output_bulletin,国家统计局关于2015年粮食产量的公告,official,https://www.stats.gov.cn/sj/zxfb/202302/t20230203_1898979.html,2015,2016,海南省,460000,province,grain,375.6,thousand_hectare,184.0,ten_thousand_ton,4898.4,kg_per_hectare,已按来源页面表格录入；建议运行导入脚本后核对全国合计与原公告。
NBS_2015_grain_output_bulletin,国家统计局关于2015年粮食产量的公告,official,https://www.stats.gov.cn/sj/zxfb/202302/t20230203_1898979.html,2015,2016,重庆市,500000,province,grain,2234.0,thousand_hectare,1154.9,ten_thousand_ton,5169.7,kg_per_hectare,已按来源页面表格录入；建议运行导入脚本后核对全国合计与原公告。
NBS_2015_grain_output_bulletin,国家统计局关于2015年粮食产量的公告,official,https://www.stats.gov.cn/sj/zxfb/202302/t20230203_1898979.html,2015,2016,四川省,510000,province,grain,6453.9,thousand_hectare,3442.8,ten_thousand_ton,5334.4,kg_per_hectare,已按来源页面表格录入；建议运行导入脚本后核对全国合计与原公告。
NBS_2015_grain_output_bulletin,国家统计局关于2015年粮食产量的公告,official,https://www.stats.gov.cn/sj/zxfb/202302/t20230203_1898979.html,2015,2016,贵州省,520000,province,grain,3114.9,thousand_hectare,1180.0,ten_thousand_ton,3788.1,kg_per_hectare,已按来源页面表格录入；建议运行导入脚本后核对全国合计与原公告。
NBS_2015_grain_output_bulletin,国家统计局关于2015年粮食产量的公告,official,https://www.stats.gov.cn/sj/zxfb/202302/t20230203_1898979.html,2015,2016,云南省,530000,province,grain,4487.3,thousand_hectare,1876.4,ten_thousand_ton,4181.5,kg_per_hectare,已按来源页面表格录入；建议运行导入脚本后核对全国合计与原公告。
NBS_2015_grain_output_bulletin,国家统计局关于2015年粮食产量的公告,official,https://www.stats.gov.cn/sj/zxfb/202302/t20230203_1898979.html,2015,2016,西藏自治区,540000,province,grain,176.6,thousand_hectare,100.3,ten_thousand_ton,5680.3,kg_per_hectare,已按来源页面表格录入；建议运行导入脚本后核对全国合计与原公告。
NBS_2015_grain_output_bulletin,国家统计局关于2015年粮食产量的公告,official,https://www.stats.gov.cn/sj/zxfb/202302/t20230203_1898979.html,2015,2016,陕西省,610000,province,grain,3073.5,thousand_hectare,1226.8,ten_thousand_ton,3991.5,kg_per_hectare,已按来源页面表格录入；建议运行导入脚本后核对全国合计与原公告。
NBS_2015_grain_output_bulletin,国家统计局关于2015年粮食产量的公告,official,https://www.stats.gov.cn/sj/zxfb/202302/t20230203_1898979.html,2015,2016,甘肃省,620000,province,grain,2849.6,thousand_hectare,1171.1,ten_thousand_ton,4109.8,kg_per_hectare,已按来源页面表格录入；建议运行导入脚本后核对全国合计与原公告。
NBS_2015_grain_output_bulletin,国家统计局关于2015年粮食产量的公告,official,https://www.stats.gov.cn/sj/zxfb/202302/t20230203_1898979.html,2015,2016,青海省,630000,province,grain,277.1,thousand_hectare,102.7,ten_thousand_ton,3707.5,kg_per_hectare,已按来源页面表格录入；建议运行导入脚本后核对全国合计与原公告。
NBS_2015_grain_output_bulletin,国家统计局关于2015年粮食产量的公告,official,https://www.stats.gov.cn/sj/zxfb/202302/t20230203_1898979.html,2015,2016,宁夏回族自治区,640000,province,grain,770.4,thousand_hectare,372.6,ten_thousand_ton,4835.7,kg_per_hectare,已按来源页面表格录入；建议运行导入脚本后核对全国合计与原公告。
NBS_2015_grain_output_bulletin,国家统计局关于2015年粮食产量的公告,official,https://www.stats.gov.cn/sj/zxfb/202302/t20230203_1898979.html,2015,2016,新疆维吾尔自治区,650000,province,grain,2395.0,thousand_hectare,1521.3,ten_thousand_ton,6351.8,kg_per_hectare,已按来源页面表格录入；建议运行导入脚本后核对全国合计与原公告。
